Expiry Date,Month,Year,Week,Day of Week,Index
2023-08-01,August,2023,31,Tuesday,Finnifty
2023-08-01,August,2023,31,Tuesday,Midcap
2023-08-01,August,2023,31,Tuesday,Midcap
2023-08-01,August,2023,31,Tuesday,Bank Nifty
2023-08-01,August,2023,31,Tuesday,Midcap
2023-08-01,August,2023,31,Tuesday,Midcap
2023-08-01,August,2023,31,Tuesday,Nifty 50
2023-08-01,August,2023,31,Tuesday,Bank Nifty
2023-08-02,August,2023,31,Wednesday,Midcap
2023-08-02,August,2023,31,Wednesday,Midcap
2023-08-02,August,2023,31,Wednesday,Bank Nifty
2023-08-02,August,2023,31,Wednesday,Midcap
2023-08-03,August,2023,31,Thursday,Nifty 50
2023-08-03,August,2023,31,Thursday,Bank Nifty
2023-08-03,August,2023,31,Thursday,Nifty 50
2023-08-03,August,2023,31,Thursday,Finnifty
2023-08-03,August,2023,31,Thursday,Bank Nifty
2023-08-03,August,2023,31,Thursday,Finnifty
2023-08-03,August,2023,31,Thursday,Finnifty
2023-08-03,August,2023,31,Thursday,Nifty 50
2023-08-08,August,2023,32,Tuesday,Bank Nifty
2023-08-08,August,2023,32,Tuesday,Midcap
2023-08-08,August,2023,32,Tuesday,Bank Nifty
2023-08-08,August,2023,32,Tuesday,Midcap
2023-08-08,August,2023,32,Tuesday,Midcap
2023-08-08,August,2023,32,Tuesday,Finnifty
2023-08-08,August,2023,32,Tuesday,Midcap
2023-08-08,August,2023,32,Tuesday,Nifty 50
2023-08-09,August,2023,32,Wednesday,Bank Nifty
2023-08-09,August,2023,32,Wednesday,Midcap
2023-08-09,August,2023,32,Wednesday,Midcap
2023-08-09,August,2023,32,Wednesday,Midcap
2023-08-10,August,2023,32,Thursday,Finnifty
2023-08-10,August,2023,32,Thursday,Bank Nifty
2023-08-10,August,2023,32,Thursday,Nifty 50
2023-08-10,August,2023,32,Thursday,Finnifty
2023-08-10,August,2023,32,Thursday,Nifty 50
2023-08-10,August,2023,32,Thursday,Finnifty
2023-08-10,August,2023,32,Thursday,Nifty 50
2023-08-10,August,2023,32,Thursday,Bank Nifty
2023-08-14,August,2023,33,Monday,Nifty 50
2023-08-14,August,2023,33,Monday,Nifty 50
2023-08-14,August,2023,33,Monday,Finnifty
2023-08-14,August,2023,33,Monday,Finnifty
2023-08-14,August,2023,33,Monday,Bank Nifty
2023-08-14,August,2023,33,Monday,Bank Nifty
2023-08-14,August,2023,33,Monday,Finnifty
2023-08-14,August,2023,33,Monday,Nifty 50
2023-08-17,August,2023,33,Thursday,Nifty 50
2023-08-17,August,2023,33,Thursday,Bank Nifty
2023-08-17,August,2023,33,Thursday,Finnifty
2023-08-17,August,2023,33,Thursday,Bank Nifty
2023-08-17,August,2023,33,Thursday,Nifty 50
2023-08-17,August,2023,33,Thursday,Finnifty
2023-08-17,August,2023,33,Thursday,Finnifty
2023-08-17,August,2023,33,Thursday,Nifty 50
2023-08-22,August,2023,34,Tuesday,Midcap
2023-08-22,August,2023,34,Tuesday,Midcap
2023-08-22,August,2023,34,Tuesday,Finnifty
2023-08-22,August,2023,34,Tuesday,Bank Nifty
2023-08-22,August,2023,34,Tuesday,Midcap
2023-08-22,August,2023,34,Tuesday,Nifty 50
2023-08-22,August,2023,34,Tuesday,Bank Nifty
2023-08-22,August,2023,34,Tuesday,Midcap
2023-08-24,August,2023,34,Thursday,Finnifty
2023-08-24,August,2023,34,Thursday,Finnifty
2023-08-24,August,2023,34,Thursday,Bank Nifty
2023-08-24,August,2023,34,Thursday,Finnifty
2023-08-24,August,2023,34,Thursday,Nifty 50
2023-08-24,August,2023,34,Thursday,Nifty 50
2023-08-24,August,2023,34,Thursday,Nifty 50
2023-08-24,August,2023,34,Thursday,Bank Nifty
2023-08-29,August,2023,35,Tuesday,Bank Nifty
2023-08-29,August,2023,35,Tuesday,Midcap
2023-08-29,August,2023,35,Tuesday,Nifty 50
2023-08-29,August,2023,35,Tuesday,Bank Nifty
2023-08-29,August,2023,35,Tuesday,Midcap
2023-08-29,August,2023,35,Tuesday,Finnifty
2023-08-29,August,2023,35,Tuesday,Midcap
2023-08-29,August,2023,35,Tuesday,Midcap
2023-08-30,August,2023,35,Wednesday,Midcap
2023-08-30,August,2023,35,Wednesday,Midcap
2023-08-30,August,2023,35,Wednesday,Midcap
2023-08-30,August,2023,35,Wednesday,Bank Nifty
2023-08-31,August,2023,35,Thursday,Finnifty
2023-08-31,August,2023,35,Thursday,Finnifty
2023-08-31,August,2023,35,Thursday,Nifty 50
2023-08-31,August,2023,35,Thursday,Finnifty
2023-08-31,August,2023,35,Thursday,Nifty 50
2023-08-31,August,2023,35,Thursday,Bank Nifty
2023-08-31,August,2023,35,Thursday,Nifty 50
2023-08-31,August,2023,35,Thursday,Bank Nifty
2023-09-26,September,2023,39,Tuesday,Bank Nifty
2023-09-26,September,2023,39,Tuesday,Bank Nifty
2023-09-26,September,2023,39,Tuesday,Midcap
2023-09-26,September,2023,39,Tuesday,Finnifty
2023-09-26,September,2023,39,Tuesday,Nifty 50
2023-09-26,September,2023,39,Tuesday,Midcap
2023-09-26,September,2023,39,Tuesday,Midcap
2023-09-26,September,2023,39,Tuesday,Midcap
2023-09-27,September,2023,39,Wednesday,Bank Nifty
2023-09-27,September,2023,39,Wednesday,Midcap
2023-09-27,September,2023,39,Wednesday,Midcap
2023-09-27,September,2023,39,Wednesday,Midcap
2023-09-28,September,2023,39,Thursday,Finnifty
2023-09-28,September,2023,39,Thursday,Finnifty
2023-09-28,September,2023,39,Thursday,Bank Nifty
2023-09-28,September,2023,39,Thursday,Finnifty
2023-09-28,September,2023,39,Thursday,Nifty 50
2023-09-28,September,2023,39,Thursday,Nifty 50
2023-09-28,September,2023,39,Thursday,Nifty 50
2023-09-28,September,2023,39,Thursday,Bank Nifty
2023-10-26,October,2023,43,Thursday,Bank Nifty
2023-10-26,October,2023,43,Thursday,Nifty 50
2023-10-26,October,2023,43,Thursday,Bank Nifty
2023-10-26,October,2023,43,Thursday,Finnifty
2023-10-26,October,2023,43,Thursday,Finnifty
2023-10-26,October,2023,43,Thursday,Finnifty
2023-10-26,October,2023,43,Thursday,Nifty 50
2023-10-26,October,2023,43,Thursday,Nifty 50
2023-10-31,October,2023,44,Tuesday,Bank Nifty
2023-10-31,October,2023,44,Tuesday,Midcap
2023-10-31,October,2023,44,Tuesday,Midcap
2023-10-31,October,2023,44,Tuesday,Finnifty
2023-10-31,October,2023,44,Tuesday,Bank Nifty
2023-10-31,October,2023,44,Tuesday,Midcap
2023-10-31,October,2023,44,Tuesday,Midcap
2023-10-31,October,2023,44,Tuesday,Nifty 50
2023-12-28,December,2023,52,Thursday,Nifty 50
2023-12-28,December,2023,52,Thursday,Nifty 50
2023-12-28,December,2023,52,Thursday,Bank Nifty
2023-12-28,December,2023,52,Thursday,Finnifty
2023-12-28,December,2023,52,Thursday,Finnifty
2023-12-28,December,2023,52,Thursday,Bank Nifty
2023-12-28,December,2023,52,Thursday,Finnifty
2023-12-28,December,2023,52,Thursday,Nifty 50
2024-03-28,March,2024,12,Thursday,Nifty 50
2024-03-28,March,2024,12,Thursday,Finnifty
2024-03-28,March,2024,12,Thursday,Finnifty
2024-03-28,March,2024,12,Thursday,Nifty 50
2024-03-28,March,2024,12,Thursday,Bank Nifty
2024-03-28,March,2024,12,Thursday,Finnifty
2024-03-28,March,2024,12,Thursday,Nifty 50
2024-03-28,March,2024,12,Thursday,Bank Nifty
2024-06-27,June,2024,25,Thursday,Bank Nifty
2024-06-27,June,2024,25,Thursday,Finnifty
2024-06-27,June,2024,25,Thursday,Bank Nifty
2024-06-27,June,2024,25,Thursday,Nifty 50
2024-06-27,June,2024,25,Thursday,Finnifty
2024-06-27,June,2024,25,Thursday,Nifty 50
2024-06-27,June,2024,25,Thursday,Finnifty
2024-06-27,June,2024,25,Thursday,Nifty 50
2024-12-26,December,2024,51,Thursday,Nifty 50
2024-12-26,December,2024,51,Thursday,Finnifty
2024-12-26,December,2024,51,Thursday,Nifty 50
2024-12-26,December,2024,51,Thursday,Finnifty
2024-12-26,December,2024,51,Thursday,Finnifty
2024-12-26,December,2024,51,Thursday,Bank Nifty
2024-12-26,December,2024,51,Thursday,Nifty 50
2024-12-26,December,2024,51,Thursday,Bank Nifty
2025-12-24,December,2025,51,Wednesday,Midcap
2025-12-24,December,2025,51,Wednesday,Bank Nifty
2025-12-24,December,2025,51,Wednesday,Midcap
2025-12-24,December,2025,51,Wednesday,Midcap
2026-12-31,December,2026,52,Thursday,Nifty 50
2026-12-31,December,2026,52,Thursday,Nifty 50
2026-12-31,December,2026,52,Thursday,Bank Nifty
2026-12-31,December,2026,52,Thursday,Nifty 50
2026-12-31,December,2026,52,Thursday,Finnifty
2026-12-31,December,2026,52,Thursday,Finnifty
2026-12-31,December,2026,52,Thursday,Bank Nifty
2026-12-31,December,2026,52,Thursday,Finnifty
